appId,id,domainId,v1,v2,v3,v4,v5,v6,y,y_ai,y_txai,y_iso
NHANES,0,0.0,80.0,1.0,0.0,24.40390742621057,5.9,1.0,0,42.33727274397611,55.84531465227329,57.58274321687297
NHANES,0,1.0,80.0,1.0,0.0,24.40390742621057,5.9,1.0,,55.73421511243125,45.178470973454615,43.67640059163652
AirQuality,0,0.0,19.0,118.0,6800.0,2.0,1.3,,,377.01923,363.5518928588724,363.78105819211095
AirQuality,0,1.0,19.0,118.0,6800.0,2.0,1.3,,,414.28702,395.3096977816209,363.78105819211095