appId,xaiType,domainId,domainName,w0,w1,w2,w3,w4,w5,w6
NHANES,transferable,0,Diabetes,-10.801058802661457,0.4424600496187747,0.0033258540614104,0.3188339558025021,0.025763789224138,1.5308689711005832,
NHANES,transferable,1,Diabetes,-9.555520698852591,0.4763137462857397,0.0069762207354926,1.544294927869985,0.010558138942548,-0.8823148040591974,
AirQuality,transferable,0,PM2.5 Concentration,1833.1326874136996,0.254769552054036,0.8342766267046982,0.0377749065396162,-2.883622133255194,-1.7878945597919254,
AirQuality,transferable,1,PM2.5 Concentration,11.354003798826426,0.2555392432603989,0.7893977763563955,0.0391698585352254,-2.675240487726594,1.2646383480077352,
