appId,xaiType,domainId,domainName,w0,w1,w2,w3,w4,w5,w6
NHANES,transferable,0,Feature set 1,-117.14068803126489,12.430005925558598,0.3016307777650096,8.089319121448195,0.9900055998568742,16.99538598898373,
NHANES,transferable,1,Feature set 2,-57.16222784126275,11.16988584646575,0.2950692594202015,15.316330969201603,0.2834824158792882,-0.1997764179183236,
NHANES,isolated,0,Feature set 1,-117.14250099096328,12.430115840993793,0.3016370675903958,8.089330102751154,0.9900233121730068,16.995472660867797,
NHANES,isolated,1,Feature set 2,-62.20337050020344,13.219272685128791,0.5021722334061108,16.994433477430274,0.4163004498410176,-0.4086991291832825,
AirQuality,transferable,0,Feature set 1,1833.134065065167,0.254769223174972,0.8342730998134672,0.0377749574899912,-2.883575854458348,-1.7878957768478765,
AirQuality,transferable,1,Feature set 2,11.353977196971158,0.255539854847842,0.7893976235868428,0.039169859949327,-2.675238882999098,1.264639771831188,
AirQuality,isolated,0,Feature set 1,1832.9263128387645,0.2445659818379442,0.8234351497842913,0.0382016902784021,-2.322292091214188,-1.7878927244556917,
AirQuality,isolated,1,Feature set 2,12.078712410887931,0.2656286995693602,0.8002375773197073,0.0387396260801655,-3.605975010304881,1.2637003923335404,
